<ROOT>

<PARTS>


<PART mode="auto">
	<KIND_OF_PART>300um LD Si Sensor Wafer</KIND_OF_PART>
	<SERIAL_NUMBER>100119</SERIAL_NUMBER>
	<NAME_LABEL>N8738_7</NAME_LABEL>
	<COMMENT_DESCRIPTION>preseries sensor Delivery #1</COMMENT_DESCRIPTION>
	<LOCATION>UCSB</LOCATION>
	<MANUFACTURER>Hamamatsu-HPK</MANUFACTURER>


	<CHILDREN>

		<PART mode="auto">
		<KIND_OF_PART>300um LD Si Sensor Wafer Full</KIND_OF_PART>
		<SERIAL_NUMBER>100119_0</SERIAL_NUMBER>
		<NAME_LABEL>N8738_7_0</NAME_LABEL>
		<LOCATION>UCSB</LOCATION>
		<MANUFACTURER>Hamamatsu-HPK</MANUFACTURER>
		</PART>


		<PART mode="auto">
		<KIND_OF_PART>300um LD Si Sensor Wafer Halfmoon_Top</KIND_OF_PART>
		<SERIAL_NUMBER>100119_TOP</SERIAL_NUMBER>
		<NAME_LABEL>N8738_7_TOP</NAME_LABEL>
		<LOCATION>HEPHY</LOCATION>
		<MANUFACTURER>Hamamatsu-HPK</MANUFACTURER>
		</PART>


		<PART mode="auto">
		<KIND_OF_PART>300um LD Si Sensor Wafer Halfmoon_Bottom</KIND_OF_PART>
		<SERIAL_NUMBER>100119_BOT</SERIAL_NUMBER>
		<NAME_LABEL>N8738_7_BOT</NAME_LABEL>
		<LOCATION>HEPHY</LOCATION>
		<MANUFACTURER>Hamamatsu-HPK</MANUFACTURER>
		</PART>


		<PART mode="auto">
		<KIND_OF_PART>300um LD Si Sensor Wafer Halfmoon_UpperLeft</KIND_OF_PART>
		<SERIAL_NUMBER>100119_UL</SERIAL_NUMBER>
		<NAME_LABEL>N8738_7_UL</NAME_LABEL>
		<LOCATION>HEPHY</LOCATION>
		<MANUFACTURER>Hamamatsu-HPK</MANUFACTURER>
		</PART>


		<PART mode="auto">
		<KIND_OF_PART>300um LD Si Sensor Wafer Halfmoon_LowerLeft</KIND_OF_PART>
		<SERIAL_NUMBER>100119_LL</SERIAL_NUMBER>
		<NAME_LABEL>N8738_7_LL</NAME_LABEL>
		<LOCATION>HEPHY</LOCATION>
		<MANUFACTURER>Hamamatsu-HPK</MANUFACTURER>
		</PART>


		<PART mode="auto">
		<KIND_OF_PART>300um LD Si Sensor Wafer Halfmoon_LowerRight</KIND_OF_PART>
		<SERIAL_NUMBER>100119_LR</SERIAL_NUMBER>
		<NAME_LABEL>N8738_7_LR</NAME_LABEL>
		<LOCATION>HEPHY</LOCATION>
		<MANUFACTURER>Hamamatsu-HPK</MANUFACTURER>
		</PART>


		<PART mode="auto">
		<KIND_OF_PART>300um LD Si Sensor Wafer Halfmoon_UpperRight</KIND_OF_PART>
		<SERIAL_NUMBER>100119_UR</SERIAL_NUMBER>
		<NAME_LABEL>N8738_7_UR</NAME_LABEL>
		<LOCATION>HEPHY</LOCATION>
		<MANUFACTURER>Hamamatsu-HPK</MANUFACTURER>
		</PART>
	</CHILDREN>
</PART>


/PART&gt;

</PARTS>
</ROOT>