<ROOT>

<PARTS>


<PART mode="auto">
	<KIND_OF_PART>300um LD Si Sensor Wafer</KIND_OF_PART>
	<SERIAL_NUMBER>100134</SERIAL_NUMBER>
	<NAME_LABEL>N8738_22</NAME_LABEL>
	<COMMENT_DESCRIPTION>preseries sensor Delivery #1</COMMENT_DESCRIPTION>
	<LOCATION>NCU</LOCATION>
	<MANUFACTURER>Hamamatsu-HPK</MANUFACTURER>


	<CHILDREN>

		<PART mode="auto">
		<KIND_OF_PART>300um LD Si Sensor Wafer Full</KIND_OF_PART>
		<SERIAL_NUMBER>100134_0</SERIAL_NUMBER>
		<NAME_LABEL>N8738_22_0</NAME_LABEL>
		<LOCATION>NCU</LOCATION>
		<MANUFACTURER>Hamamatsu-HPK</MANUFACTURER>
		</PART>


		<PART mode="auto">
		<KIND_OF_PART>300um LD Si Sensor Wafer Halfmoon_Top</KIND_OF_PART>
		<SERIAL_NUMBER>100134_TOP</SERIAL_NUMBER>
		<NAME_LABEL>N8738_22_TOP</NAME_LABEL>
		<LOCATION>FSU</LOCATION>
		<MANUFACTURER>Hamamatsu-HPK</MANUFACTURER>
		</PART>


		<PART mode="auto">
		<KIND_OF_PART>300um LD Si Sensor Wafer Halfmoon_Bottom</KIND_OF_PART>
		<SERIAL_NUMBER>100134_BOT</SERIAL_NUMBER>
		<NAME_LABEL>N8738_22_BOT</NAME_LABEL>
		<LOCATION>FSU</LOCATION>
		<MANUFACTURER>Hamamatsu-HPK</MANUFACTURER>
		</PART>


		<PART mode="auto">
		<KIND_OF_PART>300um LD Si Sensor Wafer Halfmoon_UpperLeft</KIND_OF_PART>
		<SERIAL_NUMBER>100134_UL</SERIAL_NUMBER>
		<NAME_LABEL>N8738_22_UL</NAME_LABEL>
		<LOCATION>FSU</LOCATION>
		<MANUFACTURER>Hamamatsu-HPK</MANUFACTURER>
		</PART>


		<PART mode="auto">
		<KIND_OF_PART>300um LD Si Sensor Wafer Halfmoon_LowerLeft</KIND_OF_PART>
		<SERIAL_NUMBER>100134_LL</SERIAL_NUMBER>
		<NAME_LABEL>N8738_22_LL</NAME_LABEL>
		<LOCATION>FSU</LOCATION>
		<MANUFACTURER>Hamamatsu-HPK</MANUFACTURER>
		</PART>


		<PART mode="auto">
		<KIND_OF_PART>300um LD Si Sensor Wafer Halfmoon_LowerRight</KIND_OF_PART>
		<SERIAL_NUMBER>100134_LR</SERIAL_NUMBER>
		<NAME_LABEL>N8738_22_LR</NAME_LABEL>
		<LOCATION>FSU</LOCATION>
		<MANUFACTURER>Hamamatsu-HPK</MANUFACTURER>
		</PART>


		<PART mode="auto">
		<KIND_OF_PART>300um LD Si Sensor Wafer Halfmoon_UpperRight</KIND_OF_PART>
		<SERIAL_NUMBER>100134_UR</SERIAL_NUMBER>
		<NAME_LABEL>N8738_22_UR</NAME_LABEL>
		<LOCATION>FSU</LOCATION>
		<MANUFACTURER>Hamamatsu-HPK</MANUFACTURER>
		</PART>
	</CHILDREN>
</PART>


/PART&gt;

</PARTS>
</ROOT>