<ROOT>

<PARTS>


<PART mode="auto">
	<KIND_OF_PART>300um LD Si Sensor Wafer</KIND_OF_PART>
	<SERIAL_NUMBER>100127</SERIAL_NUMBER>
	<NAME_LABEL>N8738_15</NAME_LABEL>
	<COMMENT_DESCRIPTION>preseries sensor Delivery #1</COMMENT_DESCRIPTION>
	<LOCATION>TTU</LOCATION>
	<MANUFACTURER>Hamamatsu-HPK</MANUFACTURER>


	<CHILDREN>

		<PART mode="auto">
		<KIND_OF_PART>300um LD Si Sensor Wafer Full</KIND_OF_PART>
		<SERIAL_NUMBER>100127_0</SERIAL_NUMBER>
		<NAME_LABEL>N8738_15_0</NAME_LABEL>
		<LOCATION>TTU</LOCATION>
		<MANUFACTURER>Hamamatsu-HPK</MANUFACTURER>
		</PART>


		<PART mode="auto">
		<KIND_OF_PART>300um LD Si Sensor Wafer Halfmoon_Top</KIND_OF_PART>
		<SERIAL_NUMBER>100127_TOP</SERIAL_NUMBER>
		<NAME_LABEL>N8738_15_TOP</NAME_LABEL>
		<LOCATION>HEPHY</LOCATION>
		<MANUFACTURER>Hamamatsu-HPK</MANUFACTURER>
		</PART>


		<PART mode="auto">
		<KIND_OF_PART>300um LD Si Sensor Wafer Halfmoon_Bottom</KIND_OF_PART>
		<SERIAL_NUMBER>100127_BOT</SERIAL_NUMBER>
		<NAME_LABEL>N8738_15_BOT</NAME_LABEL>
		<LOCATION>HEPHY</LOCATION>
		<MANUFACTURER>Hamamatsu-HPK</MANUFACTURER>
		</PART>


		<PART mode="auto">
		<KIND_OF_PART>300um LD Si Sensor Wafer Halfmoon_UpperLeft</KIND_OF_PART>
		<SERIAL_NUMBER>100127_UL</SERIAL_NUMBER>
		<NAME_LABEL>N8738_15_UL</NAME_LABEL>
		<LOCATION>HEPHY</LOCATION>
		<MANUFACTURER>Hamamatsu-HPK</MANUFACTURER>
		</PART>


		<PART mode="auto">
		<KIND_OF_PART>300um LD Si Sensor Wafer Halfmoon_LowerLeft</KIND_OF_PART>
		<SERIAL_NUMBER>100127_LL</SERIAL_NUMBER>
		<NAME_LABEL>N8738_15_LL</NAME_LABEL>
		<LOCATION>HEPHY</LOCATION>
		<MANUFACTURER>Hamamatsu-HPK</MANUFACTURER>
		</PART>


		<PART mode="auto">
		<KIND_OF_PART>300um LD Si Sensor Wafer Halfmoon_LowerRight</KIND_OF_PART>
		<SERIAL_NUMBER>100127_LR</SERIAL_NUMBER>
		<NAME_LABEL>N8738_15_LR</NAME_LABEL>
		<LOCATION>HEPHY</LOCATION>
		<MANUFACTURER>Hamamatsu-HPK</MANUFACTURER>
		</PART>


		<PART mode="auto">
		<KIND_OF_PART>300um LD Si Sensor Wafer Halfmoon_UpperRight</KIND_OF_PART>
		<SERIAL_NUMBER>100127_UR</SERIAL_NUMBER>
		<NAME_LABEL>N8738_15_UR</NAME_LABEL>
		<LOCATION>HEPHY</LOCATION>
		<MANUFACTURER>Hamamatsu-HPK</MANUFACTURER>
		</PART>
	</CHILDREN>
</PART>


/PART&gt;

</PARTS>
</ROOT>