<ROOT>

<PARTS>


<PART mode="auto">
	<KIND_OF_PART>300um LD Si Sensor Wafer</KIND_OF_PART>
	<SERIAL_NUMBER>100147</SERIAL_NUMBER>
	<NAME_LABEL>N8739_10</NAME_LABEL>
	<COMMENT_DESCRIPTION>preseries sensor Delivery #3</COMMENT_DESCRIPTION>
	<LOCATION>CERN-&gt;FSU</LOCATION>
	<MANUFACTURER>Hamamatsu-HPK</MANUFACTURER>


	<CHILDREN>

		<PART mode="auto">
		<KIND_OF_PART>300um LD Si Sensor Wafer Full</KIND_OF_PART>
		<SERIAL_NUMBER>100147_0</SERIAL_NUMBER>
		<NAME_LABEL>N8739_10_0</NAME_LABEL>
		<LOCATION>CERN-&gt;FSU</LOCATION>
		<MANUFACTURER>Hamamatsu-HPK</MANUFACTURER>
		</PART>


		<PART mode="auto">
		<KIND_OF_PART>300um LD Si Sensor Wafer Halfmoon_Top</KIND_OF_PART>
		<SERIAL_NUMBER>100147_TOP</SERIAL_NUMBER>
		<NAME_LABEL>N8739_10_TOP</NAME_LABEL>
		<LOCATION>CERN-&gt;FSU</LOCATION>
		<MANUFACTURER>Hamamatsu-HPK</MANUFACTURER>
		</PART>


		<PART mode="auto">
		<KIND_OF_PART>300um LD Si Sensor Wafer Halfmoon_Bottom</KIND_OF_PART>
		<SERIAL_NUMBER>100147_BOT</SERIAL_NUMBER>
		<NAME_LABEL>N8739_10_BOT</NAME_LABEL>
		<LOCATION>CERN-&gt;FSU</LOCATION>
		<MANUFACTURER>Hamamatsu-HPK</MANUFACTURER>
		</PART>


		<PART mode="auto">
		<KIND_OF_PART>300um LD Si Sensor Wafer Halfmoon_UpperLeft</KIND_OF_PART>
		<SERIAL_NUMBER>100147_UL</SERIAL_NUMBER>
		<NAME_LABEL>N8739_10_UL</NAME_LABEL>
		<LOCATION>CERN-&gt;FSU</LOCATION>
		<MANUFACTURER>Hamamatsu-HPK</MANUFACTURER>
		</PART>


		<PART mode="auto">
		<KIND_OF_PART>300um LD Si Sensor Wafer Halfmoon_LowerLeft</KIND_OF_PART>
		<SERIAL_NUMBER>100147_LL</SERIAL_NUMBER>
		<NAME_LABEL>N8739_10_LL</NAME_LABEL>
		<LOCATION>CERN-&gt;FSU</LOCATION>
		<MANUFACTURER>Hamamatsu-HPK</MANUFACTURER>
		</PART>


		<PART mode="auto">
		<KIND_OF_PART>300um LD Si Sensor Wafer Halfmoon_LowerRight</KIND_OF_PART>
		<SERIAL_NUMBER>100147_LR</SERIAL_NUMBER>
		<NAME_LABEL>N8739_10_LR</NAME_LABEL>
		<LOCATION>CERN-&gt;FSU</LOCATION>
		<MANUFACTURER>Hamamatsu-HPK</MANUFACTURER>
		</PART>


		<PART mode="auto">
		<KIND_OF_PART>300um LD Si Sensor Wafer Halfmoon_UpperRight</KIND_OF_PART>
		<SERIAL_NUMBER>100147_UR</SERIAL_NUMBER>
		<NAME_LABEL>N8739_10_UR</NAME_LABEL>
		<LOCATION>CERN-&gt;FSU</LOCATION>
		<MANUFACTURER>Hamamatsu-HPK</MANUFACTURER>
		</PART>
	</CHILDREN>
</PART>


/PART&gt;

</PARTS>
</ROOT>