<ROOT>

<PARTS>


<PART mode="auto">
	<KIND_OF_PART>300um LD Si Sensor Wafer</KIND_OF_PART>
	<SERIAL_NUMBER>100148</SERIAL_NUMBER>
	<NAME_LABEL>N8739_11</NAME_LABEL>
	<COMMENT_DESCRIPTION>preseries sensor Delivery #3</COMMENT_DESCRIPTION>
	<LOCATION>CERN-&gt;TTU</LOCATION>
	<MANUFACTURER>Hamamatsu-HPK</MANUFACTURER>


	<CHILDREN>

		<PART mode="auto">
		<KIND_OF_PART>300um LD Si Sensor Wafer Full</KIND_OF_PART>
		<SERIAL_NUMBER>100148_0</SERIAL_NUMBER>
		<NAME_LABEL>N8739_11_0</NAME_LABEL>
		<LOCATION>CERN-&gt;TTU</LOCATION>
		<MANUFACTURER>Hamamatsu-HPK</MANUFACTURER>
		</PART>


		<PART mode="auto">
		<KIND_OF_PART>300um LD Si Sensor Wafer Halfmoon_Top</KIND_OF_PART>
		<SERIAL_NUMBER>100148_TOP</SERIAL_NUMBER>
		<NAME_LABEL>N8739_11_TOP</NAME_LABEL>
		<LOCATION>CERN-&gt;FSU</LOCATION>
		<MANUFACTURER>Hamamatsu-HPK</MANUFACTURER>
		</PART>


		<PART mode="auto">
		<KIND_OF_PART>300um LD Si Sensor Wafer Halfmoon_Bottom</KIND_OF_PART>
		<SERIAL_NUMBER>100148_BOT</SERIAL_NUMBER>
		<NAME_LABEL>N8739_11_BOT</NAME_LABEL>
		<LOCATION>CERN-&gt;FSU</LOCATION>
		<MANUFACTURER>Hamamatsu-HPK</MANUFACTURER>
		</PART>


		<PART mode="auto">
		<KIND_OF_PART>300um LD Si Sensor Wafer Halfmoon_UpperLeft</KIND_OF_PART>
		<SERIAL_NUMBER>100148_UL</SERIAL_NUMBER>
		<NAME_LABEL>N8739_11_UL</NAME_LABEL>
		<LOCATION>CERN-&gt;FSU</LOCATION>
		<MANUFACTURER>Hamamatsu-HPK</MANUFACTURER>
		</PART>


		<PART mode="auto">
		<KIND_OF_PART>300um LD Si Sensor Wafer Halfmoon_LowerLeft</KIND_OF_PART>
		<SERIAL_NUMBER>100148_LL</SERIAL_NUMBER>
		<NAME_LABEL>N8739_11_LL</NAME_LABEL>
		<LOCATION>CERN-&gt;FSU</LOCATION>
		<MANUFACTURER>Hamamatsu-HPK</MANUFACTURER>
		</PART>


		<PART mode="auto">
		<KIND_OF_PART>300um LD Si Sensor Wafer Halfmoon_LowerRight</KIND_OF_PART>
		<SERIAL_NUMBER>100148_LR</SERIAL_NUMBER>
		<NAME_LABEL>N8739_11_LR</NAME_LABEL>
		<LOCATION>CERN-&gt;FSU</LOCATION>
		<MANUFACTURER>Hamamatsu-HPK</MANUFACTURER>
		</PART>


		<PART mode="auto">
		<KIND_OF_PART>300um LD Si Sensor Wafer Halfmoon_UpperRight</KIND_OF_PART>
		<SERIAL_NUMBER>100148_UR</SERIAL_NUMBER>
		<NAME_LABEL>N8739_11_UR</NAME_LABEL>
		<LOCATION>CERN-&gt;FSU</LOCATION>
		<MANUFACTURER>Hamamatsu-HPK</MANUFACTURER>
		</PART>
	</CHILDREN>
</PART>


/PART&gt;

</PARTS>
</ROOT>