<ROOT>

<PARTS>


<PART mode="auto">
	<KIND_OF_PART>300um LD Si Sensor Wafer</KIND_OF_PART>
	<SERIAL_NUMBER>100162</SERIAL_NUMBER>
	<NAME_LABEL>N8739_25</NAME_LABEL>
	<COMMENT_DESCRIPTION>preseries sensor Delivery #3</COMMENT_DESCRIPTION>
	<LOCATION>CERN-&gt;NCU</LOCATION>
	<MANUFACTURER>Hamamatsu-HPK</MANUFACTURER>


	<CHILDREN>

		<PART mode="auto">
		<KIND_OF_PART>300um LD Si Sensor Wafer Full</KIND_OF_PART>
		<SERIAL_NUMBER>100162_0</SERIAL_NUMBER>
		<NAME_LABEL>N8739_25_0</NAME_LABEL>
		<LOCATION>CERN-&gt;NCU</LOCATION>
		<MANUFACTURER>Hamamatsu-HPK</MANUFACTURER>
		</PART>


		<PART mode="auto">
		<KIND_OF_PART>300um LD Si Sensor Wafer Halfmoon_Top</KIND_OF_PART>
		<SERIAL_NUMBER>100162_TOP</SERIAL_NUMBER>
		<NAME_LABEL>N8739_25_TOP</NAME_LABEL>
		<LOCATION>CERN-&gt;FSU</LOCATION>
		<MANUFACTURER>Hamamatsu-HPK</MANUFACTURER>
		</PART>


		<PART mode="auto">
		<KIND_OF_PART>300um LD Si Sensor Wafer Halfmoon_Bottom</KIND_OF_PART>
		<SERIAL_NUMBER>100162_BOT</SERIAL_NUMBER>
		<NAME_LABEL>N8739_25_BOT</NAME_LABEL>
		<LOCATION>CERN-&gt;FSU</LOCATION>
		<MANUFACTURER>Hamamatsu-HPK</MANUFACTURER>
		</PART>


		<PART mode="auto">
		<KIND_OF_PART>300um LD Si Sensor Wafer Halfmoon_UpperLeft</KIND_OF_PART>
		<SERIAL_NUMBER>100162_UL</SERIAL_NUMBER>
		<NAME_LABEL>N8739_25_UL</NAME_LABEL>
		<LOCATION>CERN-&gt;FSU</LOCATION>
		<MANUFACTURER>Hamamatsu-HPK</MANUFACTURER>
		</PART>


		<PART mode="auto">
		<KIND_OF_PART>300um LD Si Sensor Wafer Halfmoon_LowerLeft</KIND_OF_PART>
		<SERIAL_NUMBER>100162_LL</SERIAL_NUMBER>
		<NAME_LABEL>N8739_25_LL</NAME_LABEL>
		<LOCATION>CERN-&gt;FSU</LOCATION>
		<MANUFACTURER>Hamamatsu-HPK</MANUFACTURER>
		</PART>


		<PART mode="auto">
		<KIND_OF_PART>300um LD Si Sensor Wafer Halfmoon_LowerRight</KIND_OF_PART>
		<SERIAL_NUMBER>100162_LR</SERIAL_NUMBER>
		<NAME_LABEL>N8739_25_LR</NAME_LABEL>
		<LOCATION>CERN-&gt;FSU</LOCATION>
		<MANUFACTURER>Hamamatsu-HPK</MANUFACTURER>
		</PART>


		<PART mode="auto">
		<KIND_OF_PART>300um LD Si Sensor Wafer Halfmoon_UpperRight</KIND_OF_PART>
		<SERIAL_NUMBER>100162_UR</SERIAL_NUMBER>
		<NAME_LABEL>N8739_25_UR</NAME_LABEL>
		<LOCATION>CERN-&gt;FSU</LOCATION>
		<MANUFACTURER>Hamamatsu-HPK</MANUFACTURER>
		</PART>
	</CHILDREN>
</PART>


/PART&gt;

</PARTS>
</ROOT>