<ROOT>

<PARTS>


<PART mode="auto">
	<KIND_OF_PART>200um LD Si Sensor Wafer</KIND_OF_PART>
	<SERIAL_NUMBER>200152</SERIAL_NUMBER>
	<NAME_LABEL>N8741_17</NAME_LABEL>
	<COMMENT_DESCRIPTION>preseries sensor Delivery #3</COMMENT_DESCRIPTION>
	<LOCATION>CERN-&gt;TTU</LOCATION>
	<MANUFACTURER>Hamamatsu-HPK</MANUFACTURER>


	<CHILDREN>

		<PART mode="auto">
		<KIND_OF_PART>200um LD Si Sensor Wafer Full</KIND_OF_PART>
		<SERIAL_NUMBER>200152_0</SERIAL_NUMBER>
		<NAME_LABEL>N8741_17_0</NAME_LABEL>
		<LOCATION>CERN-&gt;TTU</LOCATION>
		<MANUFACTURER>Hamamatsu-HPK</MANUFACTURER>
		</PART>


		<PART mode="auto">
		<KIND_OF_PART>200um LD Si Sensor Wafer Halfmoon_Top</KIND_OF_PART>
		<SERIAL_NUMBER>200152_TOP</SERIAL_NUMBER>
		<NAME_LABEL>N8741_17_TOP</NAME_LABEL>
		<LOCATION>HEPHY</LOCATION>
		<MANUFACTURER>Hamamatsu-HPK</MANUFACTURER>
		</PART>


		<PART mode="auto">
		<KIND_OF_PART>200um LD Si Sensor Wafer Halfmoon_Bottom</KIND_OF_PART>
		<SERIAL_NUMBER>200152_BOT</SERIAL_NUMBER>
		<NAME_LABEL>N8741_17_BOT</NAME_LABEL>
		<LOCATION>HEPHY</LOCATION>
		<MANUFACTURER>Hamamatsu-HPK</MANUFACTURER>
		</PART>


		<PART mode="auto">
		<KIND_OF_PART>200um LD Si Sensor Wafer Halfmoon_UpperLeft</KIND_OF_PART>
		<SERIAL_NUMBER>200152_UL</SERIAL_NUMBER>
		<NAME_LABEL>N8741_17_UL</NAME_LABEL>
		<LOCATION>HEPHY</LOCATION>
		<MANUFACTURER>Hamamatsu-HPK</MANUFACTURER>
		</PART>


		<PART mode="auto">
		<KIND_OF_PART>200um LD Si Sensor Wafer Halfmoon_LowerLeft</KIND_OF_PART>
		<SERIAL_NUMBER>200152_LL</SERIAL_NUMBER>
		<NAME_LABEL>N8741_17_LL</NAME_LABEL>
		<LOCATION>HEPHY</LOCATION>
		<MANUFACTURER>Hamamatsu-HPK</MANUFACTURER>
		</PART>


		<PART mode="auto">
		<KIND_OF_PART>200um LD Si Sensor Wafer Halfmoon_LowerRight</KIND_OF_PART>
		<SERIAL_NUMBER>200152_LR</SERIAL_NUMBER>
		<NAME_LABEL>N8741_17_LR</NAME_LABEL>
		<LOCATION>HEPHY</LOCATION>
		<MANUFACTURER>Hamamatsu-HPK</MANUFACTURER>
		</PART>


		<PART mode="auto">
		<KIND_OF_PART>200um LD Si Sensor Wafer Halfmoon_UpperRight</KIND_OF_PART>
		<SERIAL_NUMBER>200152_UR</SERIAL_NUMBER>
		<NAME_LABEL>N8741_17_UR</NAME_LABEL>
		<LOCATION>HEPHY</LOCATION>
		<MANUFACTURER>Hamamatsu-HPK</MANUFACTURER>
		</PART>
	</CHILDREN>
</PART>


/PART&gt;

</PARTS>
</ROOT>