<ROOT>

<PARTS>


<PART mode="auto">
	<KIND_OF_PART>200um LD Si Sensor Wafer</KIND_OF_PART>
	<SERIAL_NUMBER>200111</SERIAL_NUMBER>
	<NAME_LABEL>N8740_1</NAME_LABEL>
	<COMMENT_DESCRIPTION>preseries sensor Delivery #1</COMMENT_DESCRIPTION>
	<LOCATION>UCSB</LOCATION>
	<MANUFACTURER>Hamamatsu-HPK</MANUFACTURER>


	<CHILDREN>

		<PART mode="auto">
		<KIND_OF_PART>200um LD Si Sensor Wafer Full</KIND_OF_PART>
		<SERIAL_NUMBER>200111_0</SERIAL_NUMBER>
		<NAME_LABEL>N8740_1_0</NAME_LABEL>
		<LOCATION>UCSB</LOCATION>
		<MANUFACTURER>Hamamatsu-HPK</MANUFACTURER>
		</PART>


		<PART mode="auto">
		<KIND_OF_PART>200um LD Si Sensor Wafer Halfmoon_Top</KIND_OF_PART>
		<SERIAL_NUMBER>200111_TOP</SERIAL_NUMBER>
		<NAME_LABEL>N8740_1_TOP</NAME_LABEL>
		<LOCATION>CERN</LOCATION>
		<MANUFACTURER>Hamamatsu-HPK</MANUFACTURER>
		</PART>


		<PART mode="auto">
		<KIND_OF_PART>200um LD Si Sensor Wafer Halfmoon_Bottom</KIND_OF_PART>
		<SERIAL_NUMBER>200111_BOT</SERIAL_NUMBER>
		<NAME_LABEL>N8740_1_BOT</NAME_LABEL>
		<LOCATION>CERN</LOCATION>
		<MANUFACTURER>Hamamatsu-HPK</MANUFACTURER>
		</PART>


		<PART mode="auto">
		<KIND_OF_PART>200um LD Si Sensor Wafer Halfmoon_UpperLeft</KIND_OF_PART>
		<SERIAL_NUMBER>200111_UL</SERIAL_NUMBER>
		<NAME_LABEL>N8740_1_UL</NAME_LABEL>
		<LOCATION>CERN</LOCATION>
		<MANUFACTURER>Hamamatsu-HPK</MANUFACTURER>
		</PART>


		<PART mode="auto">
		<KIND_OF_PART>200um LD Si Sensor Wafer Halfmoon_LowerLeft</KIND_OF_PART>
		<SERIAL_NUMBER>200111_LL</SERIAL_NUMBER>
		<NAME_LABEL>N8740_1_LL</NAME_LABEL>
		<LOCATION>CERN</LOCATION>
		<MANUFACTURER>Hamamatsu-HPK</MANUFACTURER>
		</PART>


		<PART mode="auto">
		<KIND_OF_PART>200um LD Si Sensor Wafer Halfmoon_LowerRight</KIND_OF_PART>
		<SERIAL_NUMBER>200111_LR</SERIAL_NUMBER>
		<NAME_LABEL>N8740_1_LR</NAME_LABEL>
		<LOCATION>CERN</LOCATION>
		<MANUFACTURER>Hamamatsu-HPK</MANUFACTURER>
		</PART>


		<PART mode="auto">
		<KIND_OF_PART>200um LD Si Sensor Wafer Halfmoon_UpperRight</KIND_OF_PART>
		<SERIAL_NUMBER>200111_UR</SERIAL_NUMBER>
		<NAME_LABEL>N8740_1_UR</NAME_LABEL>
		<LOCATION>CERN</LOCATION>
		<MANUFACTURER>Hamamatsu-HPK</MANUFACTURER>
		</PART>
	</CHILDREN>
</PART>


/PART&gt;

</PARTS>
</ROOT>