<ROOT>

<PARTS>


<PART mode="auto">
	<KIND_OF_PART>200um LD Si Sensor Wafer</KIND_OF_PART>
	<SERIAL_NUMBER>200123</SERIAL_NUMBER>
	<NAME_LABEL>N8740_13</NAME_LABEL>
	<COMMENT_DESCRIPTION>preseries sensor Delivery #1</COMMENT_DESCRIPTION>
	<LOCATION>TTU</LOCATION>
	<MANUFACTURER>Hamamatsu-HPK</MANUFACTURER>


	<CHILDREN>

		<PART mode="auto">
		<KIND_OF_PART>200um LD Si Sensor Wafer Full</KIND_OF_PART>
		<SERIAL_NUMBER>200123_0</SERIAL_NUMBER>
		<NAME_LABEL>N8740_13_0</NAME_LABEL>
		<LOCATION>TTU</LOCATION>
		<MANUFACTURER>Hamamatsu-HPK</MANUFACTURER>
		</PART>


		<PART mode="auto">
		<KIND_OF_PART>200um LD Si Sensor Wafer Halfmoon_Top</KIND_OF_PART>
		<SERIAL_NUMBER>200123_TOP</SERIAL_NUMBER>
		<NAME_LABEL>N8740_13_TOP</NAME_LABEL>
		<LOCATION>HEPHY</LOCATION>
		<MANUFACTURER>Hamamatsu-HPK</MANUFACTURER>
		</PART>


		<PART mode="auto">
		<KIND_OF_PART>200um LD Si Sensor Wafer Halfmoon_Bottom</KIND_OF_PART>
		<SERIAL_NUMBER>200123_BOT</SERIAL_NUMBER>
		<NAME_LABEL>N8740_13_BOT</NAME_LABEL>
		<LOCATION>HEPHY</LOCATION>
		<MANUFACTURER>Hamamatsu-HPK</MANUFACTURER>
		</PART>


		<PART mode="auto">
		<KIND_OF_PART>200um LD Si Sensor Wafer Halfmoon_UpperLeft</KIND_OF_PART>
		<SERIAL_NUMBER>200123_UL</SERIAL_NUMBER>
		<NAME_LABEL>N8740_13_UL</NAME_LABEL>
		<LOCATION>HEPHY</LOCATION>
		<MANUFACTURER>Hamamatsu-HPK</MANUFACTURER>
		</PART>


		<PART mode="auto">
		<KIND_OF_PART>200um LD Si Sensor Wafer Halfmoon_LowerLeft</KIND_OF_PART>
		<SERIAL_NUMBER>200123_LL</SERIAL_NUMBER>
		<NAME_LABEL>N8740_13_LL</NAME_LABEL>
		<LOCATION>HEPHY</LOCATION>
		<MANUFACTURER>Hamamatsu-HPK</MANUFACTURER>
		</PART>


		<PART mode="auto">
		<KIND_OF_PART>200um LD Si Sensor Wafer Halfmoon_LowerRight</KIND_OF_PART>
		<SERIAL_NUMBER>200123_LR</SERIAL_NUMBER>
		<NAME_LABEL>N8740_13_LR</NAME_LABEL>
		<LOCATION>HEPHY</LOCATION>
		<MANUFACTURER>Hamamatsu-HPK</MANUFACTURER>
		</PART>


		<PART mode="auto">
		<KIND_OF_PART>200um LD Si Sensor Wafer Halfmoon_UpperRight</KIND_OF_PART>
		<SERIAL_NUMBER>200123_UR</SERIAL_NUMBER>
		<NAME_LABEL>N8740_13_UR</NAME_LABEL>
		<LOCATION>HEPHY</LOCATION>
		<MANUFACTURER>Hamamatsu-HPK</MANUFACTURER>
		</PART>
	</CHILDREN>
</PART>


/PART&gt;

</PARTS>
</ROOT>