<ROOT>

<PARTS>


<PART mode="auto">
	<KIND_OF_PART>120um HD Si Sensor Wafer</KIND_OF_PART>
	<SERIAL_NUMBER>300070</SERIAL_NUMBER>
	<NAME_LABEL>N8737_24</NAME_LABEL>
	<COMMENT_DESCRIPTION>preseries sensor Delivery #2</COMMENT_DESCRIPTION>
	<LOCATION>CERN-&gt;NCU</LOCATION>
	<MANUFACTURER>Hamamatsu-HPK</MANUFACTURER>


	<CHILDREN>

		<PART mode="auto">
		<KIND_OF_PART>120um HD Si Sensor Wafer Full</KIND_OF_PART>
		<SERIAL_NUMBER>300070_0</SERIAL_NUMBER>
		<NAME_LABEL>N8737_24_0</NAME_LABEL>
		<LOCATION>CERN-&gt;NCU</LOCATION>
		<MANUFACTURER>Hamamatsu-HPK</MANUFACTURER>
		</PART>


		<PART mode="auto">
		<KIND_OF_PART>120um HD Si Sensor Wafer Halfmoon_Top</KIND_OF_PART>
		<SERIAL_NUMBER>300070_TOP</SERIAL_NUMBER>
		<NAME_LABEL>N8737_24_TOP</NAME_LABEL>
		<LOCATION>CERN-&gt;FSU</LOCATION>
		<MANUFACTURER>Hamamatsu-HPK</MANUFACTURER>
		</PART>


		<PART mode="auto">
		<KIND_OF_PART>120um HD Si Sensor Wafer Halfmoon_Bottom</KIND_OF_PART>
		<SERIAL_NUMBER>300070_BOT</SERIAL_NUMBER>
		<NAME_LABEL>N8737_24_BOT</NAME_LABEL>
		<LOCATION>CERN-&gt;FSU</LOCATION>
		<MANUFACTURER>Hamamatsu-HPK</MANUFACTURER>
		</PART>


		<PART mode="auto">
		<KIND_OF_PART>120um HD Si Sensor Wafer Halfmoon_UpperLeft</KIND_OF_PART>
		<SERIAL_NUMBER>300070_UL</SERIAL_NUMBER>
		<NAME_LABEL>N8737_24_UL</NAME_LABEL>
		<LOCATION>CERN-&gt;FSU</LOCATION>
		<MANUFACTURER>Hamamatsu-HPK</MANUFACTURER>
		</PART>


		<PART mode="auto">
		<KIND_OF_PART>120um HD Si Sensor Wafer Halfmoon_LowerLeft</KIND_OF_PART>
		<SERIAL_NUMBER>300070_LL</SERIAL_NUMBER>
		<NAME_LABEL>N8737_24_LL</NAME_LABEL>
		<LOCATION>CERN-&gt;FSU</LOCATION>
		<MANUFACTURER>Hamamatsu-HPK</MANUFACTURER>
		</PART>


		<PART mode="auto">
		<KIND_OF_PART>120um HD Si Sensor Wafer Halfmoon_LowerRight</KIND_OF_PART>
		<SERIAL_NUMBER>300070_LR</SERIAL_NUMBER>
		<NAME_LABEL>N8737_24_LR</NAME_LABEL>
		<LOCATION>CERN-&gt;FSU</LOCATION>
		<MANUFACTURER>Hamamatsu-HPK</MANUFACTURER>
		</PART>


		<PART mode="auto">
		<KIND_OF_PART>120um HD Si Sensor Wafer Halfmoon_UpperRight</KIND_OF_PART>
		<SERIAL_NUMBER>300070_UR</SERIAL_NUMBER>
		<NAME_LABEL>N8737_24_UR</NAME_LABEL>
		<LOCATION>CERN-&gt;FSU</LOCATION>
		<MANUFACTURER>Hamamatsu-HPK</MANUFACTURER>
		</PART>
	</CHILDREN>
</PART>


/PART&gt;

</PARTS>
</ROOT>