<ROOT>

<PARTS>


<PART mode="auto">
	<KIND_OF_PART>120um HD Si Sensor Wafer</KIND_OF_PART>
	<SERIAL_NUMBER>300053</SERIAL_NUMBER>
	<NAME_LABEL>N8737_7</NAME_LABEL>
	<COMMENT_DESCRIPTION>preseries sensor Delivery #2</COMMENT_DESCRIPTION>
	<LOCATION>CERN</LOCATION>
	<MANUFACTURER>Hamamatsu-HPK</MANUFACTURER>


	<CHILDREN>

		<PART mode="auto">
		<KIND_OF_PART>120um HD Si Sensor Wafer Full</KIND_OF_PART>
		<SERIAL_NUMBER>300053_0</SERIAL_NUMBER>
		<NAME_LABEL>N8737_7_0</NAME_LABEL>
		<LOCATION>CERN</LOCATION>
		<MANUFACTURER>Hamamatsu-HPK</MANUFACTURER>
		</PART>


		<PART mode="auto">
		<KIND_OF_PART>120um HD Si Sensor Wafer Halfmoon_Top</KIND_OF_PART>
		<SERIAL_NUMBER>300053_TOP</SERIAL_NUMBER>
		<NAME_LABEL>N8737_7_TOP</NAME_LABEL>
		<LOCATION>HEPHY</LOCATION>
		<MANUFACTURER>Hamamatsu-HPK</MANUFACTURER>
		</PART>


		<PART mode="auto">
		<KIND_OF_PART>120um HD Si Sensor Wafer Halfmoon_Bottom</KIND_OF_PART>
		<SERIAL_NUMBER>300053_BOT</SERIAL_NUMBER>
		<NAME_LABEL>N8737_7_BOT</NAME_LABEL>
		<LOCATION>HEPHY</LOCATION>
		<MANUFACTURER>Hamamatsu-HPK</MANUFACTURER>
		</PART>


		<PART mode="auto">
		<KIND_OF_PART>120um HD Si Sensor Wafer Halfmoon_UpperLeft</KIND_OF_PART>
		<SERIAL_NUMBER>300053_UL</SERIAL_NUMBER>
		<NAME_LABEL>N8737_7_UL</NAME_LABEL>
		<LOCATION>HEPHY</LOCATION>
		<MANUFACTURER>Hamamatsu-HPK</MANUFACTURER>
		</PART>


		<PART mode="auto">
		<KIND_OF_PART>120um HD Si Sensor Wafer Halfmoon_LowerLeft</KIND_OF_PART>
		<SERIAL_NUMBER>300053_LL</SERIAL_NUMBER>
		<NAME_LABEL>N8737_7_LL</NAME_LABEL>
		<LOCATION>HEPHY</LOCATION>
		<MANUFACTURER>Hamamatsu-HPK</MANUFACTURER>
		</PART>


		<PART mode="auto">
		<KIND_OF_PART>120um HD Si Sensor Wafer Halfmoon_LowerRight</KIND_OF_PART>
		<SERIAL_NUMBER>300053_LR</SERIAL_NUMBER>
		<NAME_LABEL>N8737_7_LR</NAME_LABEL>
		<LOCATION>HEPHY</LOCATION>
		<MANUFACTURER>Hamamatsu-HPK</MANUFACTURER>
		</PART>


		<PART mode="auto">
		<KIND_OF_PART>120um HD Si Sensor Wafer Halfmoon_UpperRight</KIND_OF_PART>
		<SERIAL_NUMBER>300053_UR</SERIAL_NUMBER>
		<NAME_LABEL>N8737_7_UR</NAME_LABEL>
		<LOCATION>HEPHY</LOCATION>
		<MANUFACTURER>Hamamatsu-HPK</MANUFACTURER>
		</PART>
	</CHILDREN>
</PART>


/PART&gt;

</PARTS>
</ROOT>